Mat'l Loss (%),Mat'l Loss (in),AngleOn™ Run Time (hrs),Competitor Product Run Time (hrs)
0,0,0,0
10,0.0252,506.0301834,456.5280182
20,0.0504,1012.060367,913.0560365
30,0.0756,1518.09055,1369.584055
40,0.1008,2024.120734,1826.112073
50,0.126,2530.150917,2282.640091
60,0.1512,3036.181101,2739.168109
70,0.1764,3542.211284,3195.696128
80,0.2016,4048.241467,3652.224146
90,0.2268,4554.271651,4108.752164
100,0.252,5060.301834,4565.280182
